option,n_root_lineages,n_root_lineages_known,n_root_lineages_arch,n_providers
fill-mask|permissive,3937,666,589,55754
fill-mask|unknown,7157,432,805,8264
question-answering|permissive,2914,501,420,8634
text-generation|permissive,50166,12003,13702,270413
text-classification|permissive,16063,1404,2364,51991
translation|permissive,10893,1971,2674,53935
text-generation|unknown,136786,16418,10302,216356
fill-mask|noncommercial,211,58,42,507
token-classification|unknown,9383,265,1616,10541
unk|permissive,204468,7073,155008,340453
automatic-speech-recognition|unknown,8805,191,710,10460
unk|unknown,161154,8790,124975,222205
text-classification|unknown,53311,1149,3054,65099
feature-extraction|unknown,11062,382,2272,11636
token-classification|permissive,4925,1166,1156,19757
sentence-similarity|unknown,5133,529,631,12457
automatic-speech-recognition|permissive,8088,700,2079,194956
summarization|unknown,958,119,157,1871
unk|noncommercial,7326,729,5929,12437
image-classification|unknown,5955,154,1091,10315
question-answering|unknown,4762,201,337,5079
image-classification|permissive,7279,797,5054,14982
audio-classification|permissive,1076,171,610,4527
unk|other,29206,1058,27177,38322
multiple-choice|unknown,613,16,62,643
token-classification|noncommercial,422,61,258,874
audio-classification|unknown,983,47,203,1186
translation|unknown,1423,111,214,6262
summarization|permissive,916,227,203,1823
depth-estimation|permissive,280,69,259,389
zero-shot-classification|unknown,72,20,28,127
text-classification|copyleft,406,95,69,1306
feature-extraction|permissive,3977,820,1640,32068
token-classification|copyleft,562,137,320,759
sentence-similarity|permissive,2400,516,426,120063
fill-mask|copyleft,270,90,68,421
text-to-speech|permissive,2014,285,1636,17197
multiple-choice|permissive,188,71,42,547
zero-shot-classification|permissive,271,139,91,1324
audio-to-audio|copyleft,53,7,53,74
unk|copyleft,5778,284,4992,8837
translation|noncommercial,245,58,50,19154
automatic-speech-recognition|noncommercial,532,101,161,5643
fill-mask|other,238,22,172,515
zero-shot-classification|other,7,3,7,22
text-generation|copyleft,1139,435,414,4982
image-text-to-text|unknown,8264,567,3426,11054
translation|copyleft,73,18,28,835
image-segmentation|permissive,1721,153,1538,1970
automatic-speech-recognition|other,307,89,188,4130
object-detection|unknown,1739,46,810,1832
object-detection|permissive,1798,145,1538,3599
zero-shot-image-classification|unknown,364,11,25,549
video-classification|permissive,246,39,229,371
question-answering|copyleft,74,34,20,104
unk|responsible_ai,54938,250,54456,56714
text-classification|noncommercial,585,138,213,1531
text-classification|responsible_ai,236,69,97,651
summarization|noncommercial,25,11,15,67
text-to-image|copyleft,185,29,150,308
image-to-text|permissive,1043,257,809,2916
image-feature-extraction|unknown,228,17,128,242
automatic-speech-recognition|copyleft,98,29,50,701
text-to-image|unknown,8400,339,7983,18286
text-generation|other,7593,2357,2573,54746
text-to-speech|unknown,513,67,448,2768
table-question-answering|unknown,58,7,47,62
question-answering|noncommercial,47,26,22,111
sentence-similarity|noncommercial,93,41,39,2006
fill-mask|responsible_ai,35,10,10,44
text-generation|noncommercial,3850,1783,626,25802
feature-extraction|copyleft,248,33,214,262
sentence-similarity|copyleft,55,25,22,106
text-ranking|permissive,234,153,71,5221
text-to-image|permissive,5771,403,5030,13013
visual-question-answering|permissive,319,98,257,684
token-classification|other,128,54,53,645
audio-to-audio|permissive,719,77,702,1001
voice-activity-detection|permissive,130,19,127,280
image-feature-extraction|permissive,712,143,548,914
feature-extraction|noncommercial,323,96,197,4203
image-segmentation|other,372,67,153,864
audio-to-audio|unknown,270,9,270,317
document-question-answering|unknown,47,4,47,58
image-text-to-text|permissive,4893,1122,2523,49230
image-to-text|unknown,250,62,195,380
table-question-answering|permissive,88,33,54,116
tabular-classification|unknown,253,2,253,256
tabular-classification|permissive,601,14,597,629
image-to-image|unknown,420,40,402,503
video-to-video|permissive,114,25,114,251
image-to-image|permissive,1358,150,1247,2479
time-series-forecasting|permissive,738,50,464,842
video-classification|unknown,443,15,443,453
image-classification|other,383,78,262,562
multiple-choice|noncommercial,21,0,7,21
text-classification|other,331,119,112,1280
document-question-answering|copyleft,4,1,4,4
document-question-answering|noncommercial,16,7,15,50
token-classification|responsible_ai,49,18,34,95
sentence-similarity|other,68,33,47,1044
image-segmentation|unknown,213,25,157,224
depth-estimation|unknown,48,8,48,52
audio-classification|noncommercial,112,36,64,2143
reinforcement-learning|unknown,271,54,237,412
visual-question-answering|unknown,210,30,94,256
image-classification|noncommercial,336,72,287,425
image-classification|copyleft,139,43,119,331
unconditional-image-generation|unknown,55,3,55,57
unconditional-image-generation|permissive,788,16,784,796
zero-shot-image-classification|permissive,740,90,132,1778
text-to-speech|noncommercial,1544,144,242,5163
text-generation|responsible_ai,1184,338,384,10887
keypoint-detection|unknown,23,1,23,25
image-segmentation|noncommercial,115,22,113,133
text-ranking|unknown,128,76,30,413
tabular-regression|unknown,157,1,157,157
text-to-image|noncommercial,226,71,142,920
time-series-forecasting|unknown,32,4,28,40
unk|no_derivatives,227,9,215,236
zero-shot-object-detection|permissive,64,18,64,100
summarization|copyleft,11,6,7,12
tabular-regression|permissive,320,10,318,349
video-classification|noncommercial,131,18,131,1009
object-detection|copyleft,580,38,576,1923
document-question-answering|permissive,61,22,60,70
image-text-to-text|copyleft,60,29,38,168
text-to-image|responsible_ai,13270,526,4828,33480
question-answering|other,106,21,74,143
feature-extraction|responsible_ai,65,16,35,290
image-to-image|other,190,45,123,484
text-to-speech|other,328,81,295,8007
text-to-image|other,4346,363,1019,37857
image-to-image|responsible_ai,164,25,61,355
table-to-text|unknown,2,1,2,2
image-classification|responsible_ai,63,3,51,67
robotics|permissive,17855,196,17763,25791
summarization|responsible_ai,21,9,18,24
translation|responsible_ai,28,14,20,84
audio-to-audio|noncommercial,161,15,161,256
question-answering|responsible_ai,65,35,39,159
object-detection|responsible_ai,32,6,29,44
voice-activity-detection|responsible_ai,5,1,5,7
zero-shot-classification|copyleft,6,1,4,6
automatic-speech-recognition|responsible_ai,28,13,13,65
token-classification|no_derivatives,2,1,2,2
zero-shot-image-classification|responsible_ai,5,2,5,17
keypoint-detection|other,37,6,37,44
keypoint-detection|copyleft,32,2,32,93
text-to-speech|responsible_ai,79,19,76,2158
text-to-audio|responsible_ai,27,6,10,34
feature-extraction|other,276,112,208,784
other|responsible_ai,4,1,3,4
image-text-to-text|other,732,254,394,6449
image-feature-extraction|noncommercial,186,42,149,208
graph-ml|permissive,140,16,136,158
image-segmentation|responsible_ai,16,5,12,18
reinforcement-learning|permissive,1392,134,677,2023
image-to-text|responsible_ai,22,6,21,25
other|permissive,452,25,437,479
audio-to-audio|responsible_ai,108,5,108,171
audio-classification|responsible_ai,13,6,10,88
visual-question-answering|copyleft,6,1,5,14
table-question-answering|responsible_ai,10,4,10,11
zero-shot-image-classification|noncommercial,130,27,16,155
zero-shot-classification|responsible_ai,12,3,10,17
image-to-text|copyleft,25,12,25,133
text-to-video|responsible_ai,436,16,421,827
text-ranking|noncommercial,18,10,10,112
tabular-regression|other,11,0,11,11
question-answering|no_derivatives,2,1,2,2
image-to-image|copyleft,30,2,30,155
sentence-similarity|responsible_ai,9,7,8,10
image-segmentation|copyleft,90,9,86,305
image-to-text|noncommercial,58,15,57,68
image-text-to-text|responsible_ai,34,12,10,131
translation|other,80,47,55,1825
text-to-video|noncommercial,49,8,49,62
video-classification|responsible_ai,1,0,1,4
image-feature-extraction|other,122,29,105,216
image-to-3d|permissive,335,32,330,385
text-to-audio|unknown,875,23,176,915
text-to-video|unknown,111,22,110,254
zero-shot-object-detection|unknown,19,2,18,24
image-text-to-text|noncommercial,167,78,117,1189
robotics|noncommercial,72,17,65,138
text-to-video|permissive,379,97,370,1335
mask-generation|permissive,118,26,94,189
graph-ml|copyleft,4,0,4,4
video-text-to-text|unknown,41,22,21,64
tabular-regression|responsible_ai,2,0,2,2
text-to-audio|noncommercial,138,37,54,449
text-to-audio|permissive,426,86,252,2087
unconditional-image-generation|noncommercial,19,2,19,23
robotics|responsible_ai,2,0,2,3
depth-estimation|copyleft,4,1,4,14
text-to-video|copyleft,6,4,6,6
mask-generation|unknown,59,1,10,60
tabular-classification|noncommercial,31,1,31,35
reinforcement-learning|responsible_ai,5,2,5,6
zero-shot-classification|noncommercial,21,18,10,163
text-to-video|other,198,36,197,749
video-classification|other,18,5,15,25
graph-ml|responsible_ai,10,6,9,11
audio-to-audio|other,55,17,55,138
tabular-classification|responsible_ai,4,0,4,4
automatic-speech-recognition|no_derivatives,1,0,1,1
text-to-3d|responsible_ai,8,2,5,8
depth-estimation|responsible_ai,8,2,8,8
audio-classification|copyleft,31,6,25,47
unconditional-image-generation|copyleft,3,0,3,3
multiple-choice|copyleft,5,3,3,8
video-to-video|noncommercial,9,3,9,11
voice-activity-detection|unknown,18,6,18,26
graph-ml|unknown,24,8,23,27
text-to-3d|permissive,77,17,76,88
zero-shot-image-classification|copyleft,3,1,2,5
text-generation|vendor_custom,5641,2201,718,64049
table-question-answering|other,4,3,4,5
summarization|other,13,9,8,19
unk|vendor_custom,7969,683,6181,18483
text-classification|vendor_custom,88,57,36,633
text-generation|no_derivatives,24,15,9,61
visual-question-answering|responsible_ai,4,2,4,4
text-classification|no_derivatives,6,2,4,8
image-to-text|other,54,16,49,243
unconditional-image-generation|responsible_ai,4,0,4,4
image-to-text|vendor_custom,23,10,20,29
object-detection|other,167,12,164,173
text-to-speech|copyleft,150,24,104,658
question-answering|vendor_custom,58,40,18,763
video-text-to-text|vendor_custom,18,8,16,18
object-detection|noncommercial,96,8,95,129
other|unknown,53,3,50,56
text-to-image|vendor_custom,28,23,20,66
text-to-3d|copyleft,2,0,2,2
translation|vendor_custom,61,42,28,2350
image-to-video|unknown,107,20,107,152
feature-extraction|vendor_custom,47,32,21,89
image-to-video|other,238,47,238,2165
image-to-video|vendor_custom,7,7,7,221
tabular-regression|copyleft,7,0,7,7
image-to-3d|responsible_ai,73,1,73,74
fill-mask|vendor_custom,5,4,4,17
image-to-3d|other,146,19,146,235
text-ranking|copyleft,3,1,2,4
image-text-to-text|vendor_custom,651,163,282,4497
text-to-3d|unknown,11,3,11,34
image-to-3d|unknown,50,8,50,56
text-to-3d|other,18,1,18,22
image-to-video|permissive,367,84,357,1244
text-to-audio|no_derivatives,1,0,1,1
text-to-audio|other,80,15,77,230
graph-ml|noncommercial,10,3,10,11
other|noncommercial,44,2,43,47
image-to-image|noncommercial,138,22,75,191
image-to-3d|noncommercial,55,10,55,71
visual-question-answering|other,24,10,19,28
time-series-forecasting|noncommercial,27,7,27,34
text-retrieval|permissive,39,9,26,43
robotics|vendor_custom,75,11,74,168
keypoint-detection|permissive,271,12,256,284
other|other,114,4,114,153
image-feature-extraction|responsible_ai,16,1,6,18
robotics|copyleft,13,4,13,20
image-text-to-text|no_derivatives,1,0,1,1
visual-question-answering|vendor_custom,11,8,7,16
text-ranking|responsible_ai,5,3,4,7
any-to-any|permissive,7675,139,7639,9582
image-feature-extraction|copyleft,9,4,8,10
any-to-any|unknown,40,19,37,191
any-to-any|other,70,26,70,244
zero-shot-image-classification|other,29,4,12,56
token-classification|vendor_custom,14,12,8,40
reinforcement-learning|copyleft,36,1,36,36
robotics|unknown,2709,78,2687,3083
image-text-to-image|unknown,171,10,170,180
video-text-to-text|permissive,188,67,116,469
text-to-audio|vendor_custom,5,4,5,9
table-question-answering|vendor_custom,7,6,4,11
unconditional-image-generation|other,11,0,11,11
fill-mask|no_derivatives,1,0,1,1
audio-text-to-text|permissive,159,69,125,2743
reinforcement-learning|noncommercial,26,19,14,32
graph-ml|other,9,1,9,10
depth-estimation|noncommercial,81,22,81,98
visual-document-retrieval|permissive,54,29,41,265
automatic-speech-recognition|vendor_custom,6,4,6,37
tabular-classification|other,51,4,51,52
summarization|vendor_custom,47,43,13,45
sentence-similarity|vendor_custom,87,12,18,525
audio-classification|other,53,13,50,206
audio-text-to-text|vendor_custom,13,9,11,32
text-to-image|no_derivatives,5,3,4,5
keypoint-detection|noncommercial,30,5,30,31
depth-estimation|other,25,9,25,42
image-to-video|copyleft,2,0,2,2
video-text-to-text|other,18,11,11,31
text-ranking|vendor_custom,5,1,3,5
visual-document-retrieval|vendor_custom,3,3,3,79
video-text-to-text|noncommercial,22,13,16,68
image-feature-extraction|vendor_custom,4,3,4,7
any-to-any|vendor_custom,14,14,14,96
video-to-video|unknown,16,2,16,17
image-to-3d|vendor_custom,1,1,1,2
image-classification|vendor_custom,5,4,4,16
mask-generation|copyleft,2,2,2,2
audio-text-to-text|unknown,20,9,19,31
text-to-audio|copyleft,8,8,8,14
document-question-answering|vendor_custom,1,1,1,3
translation|no_derivatives,2,2,1,3
text-to-speech|no_derivatives,1,1,1,1
text-ranking|other,10,5,10,23
text-to-3d|vendor_custom,3,1,2,13
visual-document-retrieval|unknown,10,7,7,41
text-to-video|vendor_custom,2,2,2,589
image-to-video|noncommercial,27,12,27,32
text-to-speech|vendor_custom,11,9,8,128
any-to-any|noncommercial,20,8,20,30
zero-shot-classification|vendor_custom,2,1,2,3
video-to-video|responsible_ai,6,1,6,6
visual-document-retrieval|noncommercial,6,3,5,13
audio-text-to-text|noncommercial,11,7,8,29
video-classification|copyleft,5,1,5,7
audio-to-audio|vendor_custom,5,4,3,8
visual-question-answering|noncommercial,10,5,10,16
image-to-video|responsible_ai,17,14,17,56
audio-text-to-text|other,31,17,30,80
video-to-video|other,38,9,38,104
robotics|other,364,49,359,632
any-to-any|responsible_ai,2,1,2,3
reinforcement-learning|other,40,14,32,69
tabular-classification|copyleft,10,0,10,11
visual-document-retrieval|copyleft,1,1,1,1
image-segmentation|vendor_custom,3,3,2,6
zero-shot-object-detection|copyleft,17,2,15,18
reinforcement-learning|vendor_custom,14,12,7,31
mask-generation|responsible_ai,1,1,1,2
voice-activity-detection|noncommercial,15,2,7,16
image-to-3d|copyleft,6,2,6,6
voice-activity-detection|other,23,7,23,53
time-series-forecasting|other,24,4,23,31
visual-document-retrieval|other,6,3,5,8
any-to-any|copyleft,8,6,8,19
zero-shot-image-classification|vendor_custom,2,2,2,3
text-to-3d|noncommercial,2,0,2,2
video-text-to-text|copyleft,2,2,2,4
unconditional-image-generation|vendor_custom,1,1,1,1
keypoint-detection|responsible_ai,2,1,2,2
document-question-answering|other,2,2,2,2
time-series-forecasting|copyleft,1,1,1,1
video-to-video|copyleft,2,2,2,2
image-text-to-image|permissive,61,29,30,193
zero-shot-object-detection|noncommercial,1,1,1,1
mask-generation|other,15,2,15,84
other|copyleft,64,1,64,64
other|vendor_custom,1,1,1,1
video-text-to-text|responsible_ai,1,1,1,1
image-text-to-video|permissive,25,18,25,55
image-text-to-image|responsible_ai,4,3,4,11
image-text-to-image|other,6,5,4,10
image-text-to-image|vendor_custom,1,1,1,2
image-text-to-video|responsible_ai,2,2,2,4
image-text-to-image|noncommercial,1,1,1,2
image-text-to-video|unknown,10,6,10,42
image-text-to-video|other,19,7,19,150
tabular-regression|noncommercial,11,1,11,12
voice-activity-detection|copyleft,1,1,1,1
table-question-answering|noncommercial,1,1,1,1
text-retrieval|noncommercial,4,3,4,9
mask-generation|noncommercial,2,1,2,3
any-to-any|no_derivatives,2,0,2,274
image-text-to-video|copyleft,1,1,1,1
zero-shot-object-detection|other,1,0,1,1
text-retrieval|other,1,1,1,1
image-text-to-video|vendor_custom,3,3,3,39
image-classification|no_derivatives,4,2,4,4
text-retrieval|vendor_custom,1,1,1,1
time-series-forecasting|responsible_ai,2,0,2,2
multiple-choice|vendor_custom,1,1,1,1
table-question-answering|copyleft,1,1,1,1
image-text-to-image|copyleft,1,1,1,1
table-to-text|permissive,1,1,1,1
