,,pct_options_lost,pct_options_lost,pct_option_demand_lost,pct_option_demand_lost,pct_downloads_lost,pct_downloads_lost,models_lost,models_lost
,,mean,std,mean,std,mean,std,mean,std
k,strategy,,,,,,,,
1,descendant_authors,0.65,,0.0,,0.105,,39638.0,
1,descendants,0.65,,0.0,,0.105,,39638.0,
1,downloads,0.0,,0.0,,5.376,,1365.0,
1,outdegree,0.65,,0.0,,0.105,,39638.0,
1,random,0.001,0.014,0.0,0.0,0.001,0.01,15.085,89.647
1,random_matched,0.092,0.053,0.0,0.0,0.48,0.003,20612.74,117.499
5,descendant_authors,0.845,,0.0,,2.052,,87668.0,
5,descendants,0.845,,0.0,,1.066,,80869.0,
5,downloads,0.032,,0.0,,16.416,,8645.0,
5,outdegree,0.65,,0.0,,1.122,,48223.0,
5,random,0.001,0.015,0.0,0.0,0.006,0.04,90.215,246.607
5,random_matched,0.06,0.026,0.0,0.0,0.478,0.108,29857.206,5715.768
10,descendant_authors,0.95,,0.0,,2.978,,124394.0,
10,descendants,0.95,,0.0,,2.116,,127432.0,
10,downloads,0.065,,0.0,,23.626,,13270.0,
10,outdegree,0.747,,0.0,,5.912,,82898.0,
10,random,0.005,0.043,0.0,0.0,0.01,0.058,205.971,466.177
10,random_matched,0.724,0.343,0.001,0.001,2.704,2.064,36237.26,3831.74
50,descendant_authors,3.176,,0.094,,15.304,,256198.0,
50,descendants,3.159,,0.095,,12.516,,271482.0,
50,downloads,2.363,,0.092,,45.109,,79131.0,
50,outdegree,2.599,,0.095,,15.944,,245102.0,
50,random,0.014,0.062,0.0,0.0,0.063,0.237,1063.354,1400.66
50,random_matched,1.565,0.347,0.002,0.001,3.301,0.643,54092.61,3875.794
100,descendant_authors,6.245,,0.095,,25.991,,342514.0,
100,descendants,5.896,,0.096,,18.517,,329118.0,
100,downloads,4.581,,0.097,,54.659,,129376.0,
100,outdegree,5.685,,0.095,,25.397,,327477.0,
100,random,0.033,0.097,0.0,0.005,0.145,0.483,2263.034,2563.795
100,random_matched,0.718,0.316,0.0,0.0,4.69,2.756,38640.314,4198.226
323,license:no_derivatives,1.332,,0.0,,0.0,,475.0,
13597,license:copyleft,11.849,,0.151,,0.803,,20458.0,
33679,license:noncommercial,15.707,,6.139,,3.031,,101745.0,
54612,license:vendor_custom,7.261,,1.799,,3.64,,145863.0,
93881,license:responsible_ai,7.813,,1.112,,1.38,,102230.0,
