,,,,pct_options_lost,pct_options_lost,removed_providers,removed_providers
,,,,mean,std,mean,std
semantics,k,strategy,matched_to,,,,
availability,1,descendant_authors,,0.0,,1.0,
availability,1,descendants,,0.0,,1.0,
availability,1,downloads,,0.0,,1.0,
availability,1,greedy,,0.018,,253.0,
availability,1,outdegree,,0.0,,1.0,
availability,1,random,,0.0,0.0,4.156,43.685
availability,1,random_matched,descendant_authors,0.0,0.0,3.718,38.322
availability,1,random_matched,descendants,0.0,0.0,1.358,3.555
availability,1,random_matched,downloads,0.0,0.0,1.24,1.712
availability,1,random_matched,outdegree,0.0,0.0,1.24,1.712
availability,5,descendant_authors,,0.0,,4809.0,
availability,5,descendants,,0.0,,7378.0,
availability,5,downloads,,0.0,,5.0,
availability,5,greedy,,0.036,,1054.0,
availability,5,outdegree,,0.0,,630.0,
availability,5,random,,0.0,0.001,8.108,19.653
availability,5,random_matched,descendant_authors,0.001,0.004,5066.9,743.131
availability,5,random_matched,descendants,0.002,0.005,7587.41,529.277
availability,5,random_matched,downloads,0.0,0.0,6.082,9.07
availability,5,random_matched,outdegree,0.0,0.002,779.712,517.407
availability,10,descendant_authors,,0.0,,8236.0,
availability,10,descendants,,0.0,,13637.0,
availability,10,downloads,,0.0,,10.0,
availability,10,greedy,,0.036,,1059.0,
availability,10,outdegree,,0.0,,6036.0,
availability,10,random,,0.0,0.0,18.436,128.418
availability,10,random_matched,descendant_authors,0.003,0.006,8417.04,544.429
availability,10,random_matched,descendants,0.003,0.006,13866.02,675.303
availability,10,random_matched,downloads,0.0,0.0,14.076,25.417
availability,10,random_matched,outdegree,0.002,0.005,6279.254,628.067
availability,50,descendant_authors,,0.009,,30304.0,
availability,50,descendants,,0.009,,33635.0,
availability,50,downloads,,0.0,,7788.0,
availability,50,greedy,,0.036,,1489.0,
availability,50,outdegree,,0.009,,32849.0,
availability,50,random,,0.0,0.001,97.142,179.131
availability,50,random_matched,descendant_authors,0.009,0.01,30469.35,761.935
availability,50,random_matched,descendants,0.01,0.01,33717.73,653.851
availability,50,random_matched,downloads,0.002,0.005,8010.432,586.584
availability,50,random_matched,outdegree,0.009,0.01,32917.236,653.673
availability,100,descendant_authors,,0.009,,44447.0,
availability,100,descendants,,0.009,,43328.0,
availability,100,downloads,,0.018,,13230.0,
availability,100,greedy,,0.036,,1547.0,
availability,100,outdegree,,0.009,,46883.0,
availability,100,random,,0.0,0.001,171.264,217.954
availability,100,random_matched,descendant_authors,0.013,0.01,44395.774,558.233
availability,100,random_matched,descendants,0.012,0.011,43276.028,548.304
availability,100,random_matched,downloads,0.004,0.007,13427.558,523.007
availability,100,random_matched,outdegree,0.013,0.011,46847.532,659.922
legal,1,descendant_authors,,0.009,,39638.0,
legal,1,descendants,,0.009,,39638.0,
legal,1,downloads,,0.0,,1365.0,
legal,1,greedy,,0.054,,1226.0,
legal,1,outdegree,,0.009,,39638.0,
legal,1,random,,0.0,0.0,35.644,265.763
legal,1,random_matched,descendant_authors,0.019,0.021,41686.514,4859.148
legal,1,random_matched,descendants,0.018,0.019,42244.802,6015.261
legal,1,random_matched,downloads,0.0,0.002,2028.964,2164.694
legal,1,random_matched,outdegree,0.017,0.017,41440.438,4908.515
legal,5,descendant_authors,,0.027,,87697.0,
legal,5,descendants,,0.027,,80898.0,
legal,5,downloads,,0.0,,8645.0,
legal,5,greedy,,0.135,,30108.0,
legal,5,outdegree,,0.009,,48223.0,
legal,5,random,,0.0,0.001,154.85,497.288
legal,5,random_matched,descendant_authors,0.047,0.036,90946.356,8069.987
legal,5,random_matched,descendants,0.042,0.04,83561.794,6980.348
legal,5,random_matched,downloads,0.003,0.008,9851.012,3200.831
legal,5,random_matched,outdegree,0.022,0.024,50740.688,6357.576
legal,10,descendant_authors,,0.027,,124423.0,
legal,10,descendants,,0.027,,127490.0,
legal,10,downloads,,0.0,,13270.0,
legal,10,greedy,,0.216,,32598.0,
legal,10,outdegree,,0.009,,82930.0,
legal,10,random,,0.0,0.002,220.254,862.709
legal,10,random_matched,descendant_authors,0.071,0.051,127524.31,8611.699
legal,10,random_matched,descendants,0.074,0.056,130737.41,8463.957
legal,10,random_matched,downloads,0.005,0.008,15150.9,4984.088
legal,10,random_matched,outdegree,0.044,0.041,85682.562,7298.448
legal,50,descendant_authors,,0.072,,257325.0,
legal,50,descendants,,0.099,,273260.0,
legal,50,downloads,,0.018,,79149.0,
legal,50,greedy,,0.378,,125090.0,
legal,50,outdegree,,0.054,,246073.0,
legal,50,random,,0.0,0.003,1159.244,2160.712
legal,50,random_matched,descendant_authors,0.211,0.106,261035.986,13492.24
legal,50,random_matched,descendants,0.236,0.112,277806.494,13302.841
legal,50,random_matched,downloads,0.039,0.035,81831.434,6721.23
legal,50,random_matched,outdegree,0.194,0.101,249809.358,12610.565
legal,100,descendant_authors,,0.189,,344517.0,
legal,100,descendants,,0.117,,333238.0,
legal,100,downloads,,0.054,,129446.0,
legal,100,greedy,,0.396,,142873.0,
legal,100,outdegree,,0.144,,330550.0,
legal,100,random,,0.001,0.003,2100.45,2417.779
legal,100,random_matched,descendant_authors,0.335,0.134,347819.572,14479.729
legal,100,random_matched,descendants,0.324,0.138,337917.802,16150.796
legal,100,random_matched,downloads,0.079,0.057,132950.99,9219.441
legal,100,random_matched,outdegree,0.306,0.135,334191.73,14593.052
legal,323,license:no_derivatives,,1.477,,475.0,
legal,13597,license:copyleft,,12.883,,20468.0,
legal,33682,license:noncommercial,,15.532,,101821.0,
legal,54612,license:vendor_custom,,6.288,,145947.0,
legal,93883,license:responsible_ai,,8.459,,102784.0,
